u,J~
1.5337409558630857,0.5
1.5337409558630857,0.5
1.8795582147246672,0.5118595119565725
1.598072608388406,0.7212440222501755
1.4161608003682784,0.7154920697212219
1.1771328685198599,0.6977824717760086
1.0671884813045995,0.703504204750061
0.9985161312622317,0.6960518956184387
0.877981962680811,0.6889927536249161
0.7851593374078771,0.6827218234539032
0.7108142592081217,0.6768876612186432
0.6218410617022199,0.6641578525304794
0.5973162809660199,0.6673878878355026
0.6005389053470866,0.6633320301771164
0.5356119575137991,0.6503648906946182
0.5179678239415946,0.637164518237114
0.4546670986267475,0.6336492300033569
0.4427109924889024,0.6219451427459717
0.40699648640936564,0.620318666100502
0.40862390044975416,0.6202295795083046
0.3777349017409097,0.6070184782147408
0.3868081626811799,0.6061976402997971
0.3981061236796213,0.5959789454936981
0.3707423332453362,0.5841612294316292
0.3756463918420597,0.5733069032430649
0.3852245806556247,0.5783431977033615
0.3645143857109314,0.5689822807908058
0.3747562611915535,0.5750867649912834
0.3624760938668789,0.566861517727375
0.37256035125211173,0.5736948549747467
0.3833654704783822,0.5661740750074387
0.36551242686809193,0.5591059476137161
0.37566240310060095,0.5664529949426651
0.38527712769936,0.5603785924613476
0.36340276493738766,0.554674793034792
0.3734381032076123,0.5634090900421143
0.35661140494492943,0.5572432763874531
0.36640948250841204,0.5658757463097572
0.3776788871054093,0.5596693605184555
0.3595853378298869,0.5537425018846989
0.3642876810026219,0.5488075949251652
0.372504432145723,0.5586116798222065
0.3525752972511613,0.5536641627550125
0.36230390230787196,0.5631234794855118
0.3717115071884046,0.557393804192543
0.35559016610507044,0.5516876056790352
0.36586075201590523,0.5614687353372574
0.3491817300050014,0.5556949004530907
0.3586774891109747,0.5653131231665611
0.3688824201242286,0.5597548559308052
0.3516422412232762,0.5546654760837555
0.3615108164509542,0.5643569752573967
0.3719402674326767,0.5586271621286869
0.35040379960033535,0.55350536480546
0.35528672118165944,0.5479050017893314
0.36368361099031066,0.5577240400016308
0.3432090729221923,0.5528983846306801
0.3522652083280177,0.5627501383423805
0.36163509334673993,0.5578013360500336
0.3463596138974587,0.5525251217186451
0.35555266084298676,0.5621276386082172
0.33962035759023196,0.5566282086074352
0.34899812951791714,0.5665280669927597
0.3597263466093928,0.5606989413499832
0.3428633660661434,0.5550532974302769
0.3476792385398167,0.5501326881349087
0.3584866203923703,0.5600867234170437
0.3364976176462838,0.5543618910014629
0.3409439792847077,0.5496224351227283
0.35026297573066395,0.5604766272008419
0.33486390459174914,0.5553196035325527
0.34377463250198304,0.5651891902089119
0.3534277220286539,0.560076754540205
0.3372922486633064,0.5548301264643669
0.3467562677781146,0.5649249032139778
0.35683199033269525,0.5589067563414574
0.33590489871498797,0.5535253509879112
0.3460806811172287,0.5637306571006775
0.3556443969219262,0.5579487532377243
0.33517202610297436,0.5528170950710773
0.3399201277073165,0.5475858598947525
0.3483293796960291,0.5584183968603611
0.3297316235214596,0.5531914606690407
0.3389003409513473,0.5643804520368576
0.3478453811231325,0.5589594133198261
0.3348505988131989,0.5533584505319595
0.34403716983073246,0.5636638179421425
0.3528230168951916,0.5583736002445221
0.33474267654812784,0.5527494885027409
0.34406914729284455,0.563049428164959
0.35363046091724804,0.5576631836593151
0.3344622604759229,0.551921870559454
0.33960919792104466,0.5475219637155533
0.4378654687049198,0.5582659132778645
0.3299930350379169,0.5529206767678261
0.33990462744047617,0.5641180202364922
0.33009441354820596,0.5582174360752106
0.33925654485134826,0.5688248574733734
0.34898868772925834,0.5633554384112358
0.33458306806737453,0.5578610673546791
0.34367772654242934,0.5677197650074959
0.35394754860716143,0.561793077737093
0.3342766643865414,0.5561520010232925
0.33895982850763956,0.550954706966877
0.3487066968008934,0.5617788545787334
0.3299190479084382,0.5562697499990463
0.3391454470548562,0.5665024071931839
0.34894180394257934,0.5609940588474274
0.3344912464122672,0.5554650537669659
0.3393477900727505,0.5501520149409771
0.3487171274287241,0.5608103349804878
0.3298550956218511,0.5555233247578144
0.33896801657143216,0.5655235946178436
0.34880780774961495,0.559416338801384
0.3346404429569693,0.5538603849709034
0.3442052819039176,0.5639840066432953
0.3548785382951374,0.558441236615181
0.3346555049297487,0.5528420060873032
0.3438260062892287,0.5639166384935379
0.3515399454158968,0.5585979893803596
0.335312096685669,0.5531932525336742
0.3432743583979062,0.5634376704692841
0.35233818886131596,0.5588221698999405
0.33464542974672873,0.5532171651721001
0.33922260446093105,0.5472770184278488
0.3471292117850334,0.5585749372839928
0.33073545555983486,0.5535122267901897
0.3349112441439621,0.5479131229221821
0.34324220631016916,0.5594997182488441
0.3305063004648212,0.5539082400500774
0.3353394115738239,0.5484786480665207
0.3436022126785285,0.5594209730625153
0.3306351540309898,0.5540461726486683
0.3400125103967277,0.5650564730167389
0.3488557585818886,0.5594953261315823
0.33506338601888636,0.553960781544447
0.34027200090453424,0.549177423119545
0.438026411840304,0.5598977841436863
0.3302659937827988,0.554726991802454
0.3390829644614391,0.5657651498913765
0.3301411015539761,0.5605188272893429
0.3394125945486985,0.5706223547458649
0.349986096519186,0.5651104971766472
0.33497239938179174,0.5591818913817406
0.33970119833690243,0.5538199059665203
0.34888671612653144,0.5639999434351921
0.3298782398147546,0.5588379539549351
0.3400653376592533,0.5688911601901054
0.3494651427019544,0.5621913932263851
0.3348817547106927,0.5569234155118465
0.3396742514865835,0.5515455938875675
0.3488815734876821,0.5616500116884708
0.3301823196135401,0.5564752817153931
0.3388056519427263,0.5663600042462349
0.3502183978723014,0.561225175857544
0.3344158925322362,0.5548191554844379
0.34388361545609336,0.5657703727483749
0.3542247000831517,0.5595683306455612
0.3347405060483314,0.5539146177470684
0.3449346401247244,0.5642012432217598
0.35537499949356904,0.5583205819129944
0.33485871996834515,0.5528919138014317
0.34402124412293306,0.5640587732195854
0.35188814506533744,0.5587609894573689
0.33495248763210134,0.5532644130289555
0.33942217001934427,0.5473025254905224
0.34802776752485864,0.5587225928902626
0.3306888598650409,0.5532291196286678
0.3405972836895658,0.5640893578529358
0.34919427965818206,0.5582288354635239
0.3353504894614976,0.5526121146976948
0.340174903893588,0.547368660569191
0.3482377586707182,0.5584631785750389
0.3305599563695103,0.5531152747571468
0.33979238207889734,0.5641763508319855
0.348839537413529,0.5587002262473106
0.3351949905556505,0.5530516095459461
0.33994130843094333,0.5481957159936428
0.43873586585671626,0.559360183775425
0.3305250516719272,0.5538837872445583
0.33536522218564124,0.5489874705672264
0.3257214944470938,0.5599325150251389
0.33024261070509064,0.5548365712165833
0.33904729978195247,0.5655865594744682
0.33017090767109436,0.5603481531143188
0.338953593390181,0.5701197534799576
7.0612748590068595,10.064302131533623
6.468808858219047,10.058210119605064
6.468808858219047,10.100039407610893
6.626194148985429,10.170804560184479
13.794824243489856,10.237279504537582
35.18090326262332,10.28438624739647
35.20339374082832,10.290424168109894
34.59280156866625,10.274638921022415
35.53645423862429,10.29386442899704
41.334600777033636,10.29540342092514
42.05506512946928,10.295054942369461
35.636762287648196,10.27962875366211
34.013090018605816,10.279015183448792
40.05145720930585,10.281039327383041
47.07516660806783,10.28645732998848
50.13278783725852,10.302176594734192
49.21712605675344,10.288804441690445
-55.28944456375382,10.299255579710007
-55.21265907775059,10.29507228732109
92.87400864234006,10.279501646757126
92.7850438944636,10.26029759645462
-35.55148380346555,10.245116800069809
-37.27216496713687,10.240213692188263
-6.859061512107704,1.2245136201381683
-2.719248405955635,1.2054002732038498
-2.173898872222411,1.190170794725418
-1.435281227603661,1.213469460606575
-1.4845076958280186,1.217615470290184
-1.674825459367064,1.204795703291893
-2.1056214809565788,1.2112041115760803
-1.825978378090832,1.1960795670747757
-2.1843522261229094,1.1950635761022568
-2.531070714512678,1.1811308711767197
-1.9822125460021307,1.1790559887886047
-1.6118335180523797,1.1722291707992554
-1.49128036655925,1.1736696809530258
-1.434471040678278,1.1858880519866943
-1.3236754127220984,1.17755925655365
-1.26075253291614,1.1612226516008377
-1.2034262492558285,1.1637901365756989
-1.126370562871358,1.1566440910100937
-1.0857975180842279,1.1486275047063828
-1.0387628089528838,1.1529976576566696
-1.023640203874323,1.147580549120903
-1.0434645760337895,1.153703361749649
-1.0026282516620304,1.1477115452289581
-0.922575430036455,1.1327151656150818
-0.908457316783654,1.1376194655895233
-0.8507392528369321,1.1231823042035103
-0.8128494646559168,1.1195555850863457
-1.0530272212413687,1.116937704384327
-0.7992148790320732,1.1135560646653175
-0.7876467244915997,1.1007916331291199
-0.7997637688377396,1.1153810918331146
-0.8122289706573166,1.1146742925047874
-0.8084212777413461,1.1009652018547058
-0.8329971052473983,1.1125721409916878
-0.8660709089267866,1.1120213195681572
-0.860122887205169,1.0968084707856178
-0.8447146257904664,1.0986646488308907
-0.8306090961253207,1.098716177046299
-0.8174822507384862,1.0996147766709328
-0.7909704311698735,1.0882511958479881
-0.8159080569880705,1.1017657220363617
-0.8387242511923816,1.0910042524337769
-0.8685749777421726,1.0790782421827316
-0.9497252457843202,1.08234803378582
-1.1064731973949986,1.0847267359495163
-1.35625463088085,1.085342176258564
-1.7513971506073407,1.0835873484611511
-3.273644369045536,1.081846833229065
-4.043844700471859,1.0782207399606705
-4.4454652015304585,1.0796993747353554
1.7056905356686847,1.0673559829592705
10.095719409122651,1.0651080012321472
-5.81027877870726,1.0588800571858883
-9.472119663609782,1.0475876852869987
6.543388844183555,1.0324024707078934
6.562148053395694,1.0267267301678658
7.021399229701677,1.0182312056422234
8.937606993649784,1.0116856275126338
10.014038778392695,1.0122654493898153
3.7035008951864077,1.0093565862625837
8.587391543947433,1.009795717895031
7.441880379887162,1.006296593695879
4.982878834523303,1.0085700629279017
3.6226804645352746,1.010501272045076
2.1506854729180374,1.0055964356288314
1.869677998572127,1.0344840176403522
1.6983305295370927,1.0275251548737288
1.6865034967161434,1.0469936318695545
1.5315280605741046,1.0350109562277794
1.3846820107631364,1.03291941806674
1.2917619634700206,1.0368740856647491
1.674762908176368,1.0432011559605598
1.4146008787057425,1.0589087344706059
1.4377283774964824,1.0573297142982483
1.409518710860111,1.06049445271492
1.3614262827715695,1.051204290241003
1.4100107513002087,1.0501017421483994
1.443476809479134,1.0626204386353493
1.255127247275214,1.0518064983189106
1.1903000125309422,1.0642030164599419
1.126099469824464,1.0611497163772583
1.0692387447157947,1.0587339513003826
1.0497794246601828,1.0568708032369614
1.047124873502638,1.0574770122766495
1.0239642034604952,1.0487961545586586
1.0224328559419624,1.0497156493365765
1.0209602062492797,1.0506944172084332
1.367254809793252,1.0524122454226017
0.8749096317375825,1.0642276033759117
0.8159527767189089,1.056022111326456
0.7778311990722026,1.0817712768912315
0.7894776104685635,1.0729801803827286
0.7763237094115739,1.076882503926754
0.7413268649543319,1.08183404058218
0.6978996296298683,1.0724105760455132
0.7169591668776192,1.089161939918995
0.6875603712249139,1.0799412578344345
0.6428851254114617,1.070280984044075
0.6506673517181133,1.0921737849712372
0.6596523245094637,1.0828669518232346
0.6510573568415795,1.0892753154039383
0.6595495753261368,1.0807366967201233
0.6508219535500268,1.0878273025155067
0.643260050111242,1.0805576294660568
0.6585571944197999,1.1043690145015717
0.6601701925282633,1.096042200922966
0.6512389773294106,1.10282913595438
0.6609674318509446,1.0939787402749062
0.6502132472280429,1.1000463590025902
0.6517345577206394,1.1073367148637772
0.660706491432894,1.0975544452667236
0.6509841873742807,1.1043636724352837
0.642466098961097,1.0956330299377441
0.6596168140305553,1.1193413883447647
0.6600357198605334,1.1100809648633003
0.642466098961097,1.1003790944814682
0.6510325489250004,1.1065353602170944
0.6511591053565146,1.111932411789894
0.6509759891603628,1.1166703328490257
0.6599196448405822,1.1065826565027237
0.6508248367470395,1.1119749546051025
0.6592472048660647,1.1020641550421715
0.6511719499512107,1.1068898364901543
0.6513502384914402,1.1127456203103065
0.6681671315063908,1.117686428129673
0.6599790027895723,1.1073961704969406
0.6429063556751248,1.0971857532858849
0.648585503104981,1.102551706135273
0.6512333552242506,1.1085368767380714
0.642466098961097,1.0983575358986855
0.6513936144281258,1.1048297435045242
0.6508794565041902,1.109945222735405
0.6509539754497707,1.1155213862657547
0.6604062005625221,1.105017013847828
0.650361831149705,1.1105045154690742
0.642466098961097,1.101136028766632
0.6507929342778341,1.1059532761573792
0.651254138337217,1.1118123978376389
0.8738197063378215,1.1171405762434006
0.6594846639277324,1.1074215024709702
0.6513435744310624,1.1129288002848625
0.642466098961097,1.1024113222956657
0.6516696600753054,1.1081088408827782
0.6503003213056735,1.1129862889647484
0.642466098961097,1.1038559451699257
0.659176932753941,1.1251870393753052
0.6595186587355232,1.1146532818675041
0.6511201757442207,1.1193275824189186
0.6689793091255145,1.123955376446247
0.6605547911917731,1.113009512424469
0.6504384752235612,1.1169399470090866
0.6593082545862781,1.1068601980805397
0.6510377934289047,1.1122834831476212
0.6594862466083415,1.1021235138177872
0.6520928948751498,1.1070559993386269
0.6496138705310036,1.1112147718667984
0.6667067349784139,1.1177121251821518
0.6600617283955202,1.1068185344338417
0.6513234939101569,1.1121341660618782
0.6578435108700648,1.1016401648521423
0.6507666078694249,1.1069057062268257
0.6428948405923737,1.096905991435051
0.6506219340041574,1.1019150614738464
0.6511571899779127,1.1083845496177673
0.6509995440916254,1.1136358305811882
0.6604947729761539,1.1029813289642334
0.6509433645515272,1.108425110578537
0.650984853271377,1.1141263097524643
0.6681982095269965,1.1197668015956879
0.6597735196969512,1.109956830739975
0.6510758390224358,1.1151930093765259
0.6686274449728139,1.1205394268035889
0.6597571490071474,1.10993230342865
0.642466098961097,1.099701926112175
0.6598691716356909,1.1206370294094086
0.6612041252363793,1.1097125485539436
0.6754170736993635,1.1138498485088348
0.6592297420179447,1.1050855815410614
0.6515340857136002,1.1104423850774765
0.6688529804019292,1.1157481968402863
0.6606254460885942,1.104501985013485
0.6428364962122148,1.0937222242355347
0.6505461112394715,1.1001078262925148
0.6508951827159976,1.1057737171649933
0.6510765051070384,1.111481748521328
0.6599677119666568,1.1012765020132065
0.6510398744915467,1.1066717207431793
0.642466098961097,1.0966221615672112
0.6583353578247175,1.117595560848713
0.6591237055899805,1.1082949489355087
0.6511512774663315,1.1137828901410103
1.3392083871177214,2.119187355041504
1.3198799436359083,2.1086402386426926
1.2847723260092856,2.1141992583870888
1.2847723260092856,2.1037203893065453
1.2847723260092856,2.1250682920217514
1.3010680789294333,2.1455887854099274
1.2847723260092856,2.1338780522346497
1.301174455409721,2.1683485358953476
1.2847723260092856,2.1557514369487762
1.329172219288083,2.158740997314453
1.326924471091729,2.1609126180410385
1.344557571181577,2.1773816645145416
1.4562037227566431,2.17836432158947
1.499717348118882,2.17853182554245
1.4809135086270204,2.1952418833971024
1.7457577771346426,2.207746535539627
1.9372258648796365,2.1915754675865173
1.9547780899337148,2.200929030776024
2.0679929846388787,2.2216828912496567
2.1885997320874275,2.227243199944496
2.381094836970239,2.2111736238002777
2.8818479859074775,2.2351999282836914
3.111392157184802,2.220266029238701
3.713759898026394,2.244553789496422
4.924016924582261,2.229580506682396
6.7435480820363845,2.234932780265808
10.429250290345347,2.2429433465003967
16.81199008624113,2.260294735431671
19.1510547322027,2.247492328286171
19.73243223196963,2.2456826269626617
19.357985417585226,2.243115246295929
4.014360710890962,2.2355905026197433
18.79436357677683,2.222606658935547
18.616813879468435,2.215284287929535
20.010217951769356,2.211677625775337
-3.950905520836133,2.205978661775589
-1.3241876173643101,2.1968627870082855
-16.836915621762277,2.186325818300247
-15.310745848352854,2.1769344806671143
-9.689118123993975,2.161711797118187
-7.200467737286263,2.1513922661542892
-3.946119032464122,2.1659825295209885
-6.471155415767952,2.1718552708625793
-5.418955317108303,2.160353735089302
-5.096940215885751,2.175192654132843
-6.749374680633544,2.1999645829200745
-9.224789806333005,2.2052404433488846
-18.426292477320175,2.204243943095207
-9.092275835493492,2.2015524059534073
-6.604646797477355,2.189042881131172
-17.335313122996,2.1735270023345947
17.868262528151327,2.1619269996881485
17.653991966407297,2.1503320783376694
12.5845603188491,2.1349460780620575
6.540784512362224,2.124371789395809
4.262040077394294,2.122370384633541
4.706376381930057,2.1075797751545906
5.812791999267111,2.142518624663353
10.184640554673226,2.1289962381124496
13.474019646709891,2.1405912190675735
16.411586328865,2.145024210214615
20.026822035930554,2.13983978331089
-20.010806066255423,2.1365675181150436
-18.862717000392287,2.1231022998690605
-19.69802839083531,2.111614838242531
-12.2030996081164,2.106392554938793
-8.431604175739146,2.0950204953551292
-13.416407264655678,2.0948222279548645
20.028281821036867,2.094148024916649
19.998358992389196,2.1034590676426888
-20.021621908928058,2.090471513569355
-20.0157067248538,2.07795986533165
-18.13778896025389,2.0655596926808357
-8.31692621580849,2.0558901242911816
-9.251527535970203,2.043242074549198
-4.179291782044031,2.041084047406912
-3.788642760744019,2.0462613366544247
-4.356830419204858,2.0517683513462543
-4.910713143642628,2.0890319868922234
-3.949015692443181,2.0743955597281456
-14.264598938520223,2.1003026589751244
17.683252576947915,2.09526726603508
17.697722801026913,2.0792657881975174
10.940984974449444,2.0642231851816177
-12.296714278093724,2.0564881190657616
-13.432135259028515,2.0423242524266243
4.0444978537283935,2.028041345998645
-20.053934008701304,2.0206794887781143
-19.79285755586137,2.0109516074880958
-8.085337632126562,2.0073293219320476
-6.825039655246424,2.0136651704087853
-6.4725254345656555,2.022516341879964
-5.988180173464384,2.0305940192192793
-5.915936552544182,2.0373526141047478
-5.607866679899301,2.0424741990864277
-5.334142395341026,2.046732820570469
-5.287345253042556,2.031234409660101
-5.2972773922905185,2.0400874875485897
-6.033617802634453,2.048916880041361
-7.025367895611275,2.0786847695708275
-7.113370406714465,2.0797756612300873
-6.089135051261859,2.0802966356277466
-5.471813435413678,2.0796943306922913
-5.4659456682969605,2.085340768098831
-5.578538959153961,2.089848220348358
-5.66367617182115,2.094236448407173
-5.762129787404801,2.0785049870610237
-5.840183764070724,2.0862141251564026
-7.037915070243059,2.0936297178268433
-7.950980271127155,2.101768381893635
-8.175459946431086,2.122325912117958
-8.330817694115428,2.107247516512871
-7.639325159838928,2.12301903963089
-7.47380403548307,2.1206749752163887
-7.393246324798139,2.104927107691765
-6.67195491360579,2.1231034845113754
-7.625758906479708,2.1238508448004723
-19.61370183714199,2.125942185521126
-6.977020694060983,2.1100101992487907
-7.030030669548013,2.120533026754856
-8.041196417433248,2.1061918884515762
-3.788715299739558,2.1276243776082993
-4.630393074572269,2.113098807632923
-4.516250053680066,2.1451970785856247
-3.9925050123758385,2.1477195471525192
-5.210412799862554,2.1586582511663437
-5.252754317385623,2.1412638276815414
-5.677356125136971,2.1485591381788254
-6.35184212505265,2.151877760887146
-10.337911193560856,2.16182442009449
-12.33706780963336,2.182016044855118
-12.428262593698841,2.1781914830207825
-11.276274264985533,2.1732310354709625
-8.907620043886721,2.1592478901147842
-6.126000595346179,2.157274514436722
-5.751373353274837,2.174593299627304
-6.02156239213514,2.161829173564911
-5.72321643798848,2.189359024167061
-9.67454582219672,2.177475780248642
-16.400420123324352,2.2034036070108414
-19.984771862283417,2.191809207201004
-4.796445640106612,2.191200003027916
-0.4491938705243357,2.1895058304071426
0.5078414130636073,2.18276309967041
-1.9735636796875702,2.1779728829860687
-20.024841562696295,2.16912779211998
14.714851592715775,2.160579413175583
19.75591921851881,2.151158019900322
18.133923526317428,2.1484237164258957
11.536864876896555,2.139309987425804
6.5436998750758635,2.1377736628055573
7.349961618146331,2.1416347920894623
10.540034451648015,2.1313341706991196
13.659201832207957,2.1399163007736206
-15.987492005491635,2.145460158586502
-17.115271893124625,2.1486636996269226
19.91865703443959,2.1374502778053284
20.374748034916035,2.128759577870369
17.625009447887628,2.1175510212779045
6.050194588089212,2.1057714074850082
9.38937239298792,2.1143077984452248
6.518739731177467,2.102938488125801
8.636516900068305,2.1068752110004425
11.628677103846012,2.1131671369075775
5.972659528706686,2.11777775734663
7.632308108597516,2.118398182094097
7.5879594090767615,2.1231078431010246
19.945126502648463,2.128412753343582
-19.7050881661025,2.1344806104898453
18.81852394209737,2.1307677775621414
18.50607042593337,2.121873937547207
12.10868019239437,2.1057116091251373
13.455698897134518,2.098197653889656
5.864723593003909,2.089380197227001
6.553243094627808,2.0881246253848076
7.846735529250207,2.0729284062981606
6.294603617253469,2.0954670906066895
13.037897617427939,2.0794323459267616
8.55786998143433,2.0997888892889023
8.54269565555453,2.0913554802536964
8.038753280027585,2.091694548726082
5.884852233251834,2.087276890873909
5.843636634032075,2.0716060176491737
9.411552204502588,2.0958623960614204
6.769667833574438,2.0803790763020515
6.9162677434735045,2.084681786596775
12.485882640846615,2.102646753191948
6.550369922275216,2.1027439907193184
19.12624713528523,2.0866992101073265
0.7479635349868801,2.085890583693981
11.232445014551985,2.089049018919468
9.482796530466883,2.0819445699453354
16.615033950152068,2.075376011431217
6.048610463866716,2.0678503066301346
5.759549757929194,2.063335306942463
6.589941465496772,2.0475689321756363
5.795616813385873,2.054261412471533
7.88475209747379,2.0624180398881435
9.394766157784687,2.068372033536434
13.068327199771488,2.0866684243083
19.950740870726634,2.0714228376746178
16.64921509846165,2.0774606317281723
13.806520754183826,2.0618186742067337
9.046347490867976,2.0639892369508743
7.451162899188472,2.0490022897720337
7.466129619502425,2.04514691978693
7.517165475445655,2.06198813021183
8.728051343149026,2.0468431413173676
7.6128466248684,2.0644227415323257
5.869246048432521,2.0623230636119843
6.182435746383241,2.065359465777874
5.31908381965071,2.049638632684946
6.0432809119033335,2.0530155450105667
12.338155985773982,2.083316683769226
12.976213427703021,2.068149097263813
11.907888843728987,2.081230439245701
7.522186564831702,2.0669212862849236
6.1275402577163876,2.061040125787258
5.690422194312818,2.0655729845166206
5.944312777488136,2.0896009728312492
6.276538382522844,2.098306581377983
4.459156579354927,2.085813283920288
4.05747598009905,2.0865071192383766
3.5905006113519597,2.1274083703756332
4.37720620020554,2.1316730678081512
5.147640616799227,2.1211871653795242
6.664043518667766,2.1354711651802063
7.424557990463027,2.1633968353271484
17.577249185539838,2.169449746608734
1.8392072587296755,2.1699481457471848
18.246491915765183,2.1637327820062637
16.278056293527822,2.1546866595745087
13.35622466675918,2.1484768390655518
6.081878530766204,2.1460089683532715
-9.209223342271205,2.140346720814705
-9.706088247102862,2.126928433775902
-19.833940380906828,2.1201304644346237
-13.549772684670893,2.1133102774620056
-11.991702017802872,2.1209754049777985
-11.860779829904912,2.1141381934285164
-8.385929659740768,2.1259704381227493
-15.957146325609898,2.1294717490673065
-19.975986913002366,2.1321469992399216
-19.270453451519028,2.125636637210846
12.086671775415116,2.1157362833619118
11.840562123059563,2.1097226440906525
16.365995741766405,2.099308080971241
14.016960960091293,2.097982883453369
8.82994100619168,2.0876937359571457
13.641329392542394,2.080229088664055
10.340665513356743,2.0951774045825005
16.05596563736701,2.08605132997036
14.389332469470345,2.086843781173229
11.543613990801354,2.089942082762718
9.101052552584001,2.086940534412861
19.922871353047665,2.092600502073765
8.10086263518282,2.088755913078785
11.105267614874078,2.081873208284378
17.32706063873682,2.102808877825737
16.44167813211228,2.096928544342518
-19.6574755137353,2.0990019515156746
-20.103580646904646,2.0994725972414017
19.142264181453122,2.0943361967802048
19.972552141925064,2.0889130979776382
-15.862322856180747,2.0903192684054375
2.39343952726485,2.084230788052082
-20.00750874447702,2.075606591999531
-15.342537774098341,2.070613108575344
-16.820140829779987,2.0671381279826164
-14.079745647563923,2.068123124539852
-12.553065087707598,2.0622951351106167
15.710878962261376,2.0637023225426674
16.80877729158823,2.0707370564341545
-15.321338513891034,2.0645673647522926
-15.710196140863221,2.055576328188181
-18.67958705031214,2.0493126697838306
-8.692358380738343,2.042733795940876
-12.285088358129446,2.042058762162924
-7.656577323305257,2.055984728038311
-15.021655131508428,2.0482155233621597
-14.344213564573327,2.0550578869879246
-9.621703154270891,2.057897489517927
-7.692891932646873,2.066444493830204
-7.7449756979710624,2.0626495704054832
-9.649431115595384,2.0617585480213165
-7.444471022773344,2.051769584417343
-5.930564239734963,2.0696003437042236
-12.53068912894338,2.0588542707264423
-12.60798860020642,2.081313334405422
-16.47630158960899,2.0699144676327705
-14.622335733846835,2.0670862197875977
-16.508023003858998,2.0667197480797768
-15.24368000945905,2.0627152994275093
-11.405829204106116,2.0672476291656494
-8.350339119215588,2.054477073252201
-6.517361162538065,2.064086966216564
-16.879715527087995,2.049263406544924
-9.759927213436205,2.0541075728833675
-16.338493513335294,2.0520267337560654
-13.33838420560787,2.0545188300311565
-7.037131306705172,2.051722101867199
-7.281071492740562,2.06214701756835
-7.456491448929001,2.061985645443201
-8.656029226805114,2.046739164739847
-6.687162749726126,2.051576230674982
-11.653696235449782,2.051263827830553
-7.396417329942515,2.057234112173319
-6.223685842474422,2.0697942823171616
-6.74640773644522,2.054794080555439
-5.082654503911362,2.076301984488964
-7.418970165122975,2.0817632600665092
-7.294284886888843,2.085086576640606
-11.339838945183448,2.069441467523575
-10.961853752112006,2.08585949242115
-12.09099799580209,2.079796500504017
-13.712451787109773,2.0753816217184067
-4.078452833056157,2.0651614740490913
-4.694990309788752,2.0692280679941177
-4.206329893921895,2.0788607597351074
-3.6077234896294677,2.063201494514942
-4.587202336325875,2.067462772130966
-7.301191876242118,2.0770145431160927
-5.282906809282273,2.0876514688134193
-8.143874649477837,2.110109880566597
-10.115501931263443,2.0946440920233727
-7.74861896510933,2.1141524016857147
-10.65374646990716,2.109919548034668
-12.11510632803698,2.10757514834404
-6.777133447507687,2.091845855116844
-5.149161475352681,2.099581368267536
-6.367988853439005,2.085368826985359
-5.390154048869205,2.1155099123716354
-9.511604038084014,2.1180387884378433
-8.542590770224797,2.1212306022644043
-8.310100911570187,2.111381843686104
-8.31946302608519,2.1132794246077538
-7.328898681013235,2.100159466266632
-4.06787517623941,2.0838784500956535
-3.9011688067419694,2.1055941954255104
-4.129536689472215,2.0895896404981613
-4.3165916534468245,2.1009931415319443
-4.526877727755158,2.1089727133512497
-8.34002053467624,2.1373253166675568
1.119328774026359,2.1421546787023544
-8.678253981098145,2.127050042152405
-8.658103609131784,2.125794768333435
-6.128747895848132,2.122190348803997
-6.718108893065345,2.1215374767780304
-11.43815947537825,2.125685438513756
-11.865814167665782,2.112132541835308
-13.81799870065904,2.124536693096161
-9.52511639940027,2.112580969929695
-8.62378994125584,2.1124062538146973
-7.3472788379845175,2.1134021878242493
-12.016730307267121,2.1158247217535973
-15.589391294863212,2.123021714389324
-11.602575004158105,2.125305861234665
-16.1960724768604,2.133595287799835
-7.9107634555112005,2.1239784583449364
-7.558319873275468,2.134999856352806
-10.636363442814424,2.1255043298006058
-14.263659315147175,2.132728934288025
-7.760974961008748,2.1471007764339447
20.37406326557532,2.1436611860990524
19.800305806479624,2.135728433728218
19.85486484229403,2.128518655896187
13.285448188841189,2.126074731349945
10.459377377735315,2.1185376048088074
-18.356096391892795,2.1181927919387817
-18.56088040191611,2.11027143150568
-19.220795794022333,2.1018065437674522
-14.450544200413214,2.0952412113547325
-11.669302500058766,2.086907222867012
-7.72865458546964,2.09264125674963
-8.502146896668483,2.085007354617119
-12.202815046576148,2.090875767171383
-20.328810672763804,2.1013182178139687
20.001817250157835,2.112985849380493
11.174574788167295,2.107067219913006
-19.56196793612752,2.102920815348625
-19.82039432174733,2.0963845923542976
-20.005779281211655,2.090431846678257
-19.54661754085953,2.0845949724316597
-19.341915164913964,2.08391285687685
-19.317248228941725,2.082885168492794
-11.93086203310214,2.0775850117206573
19.73074145641367,2.082055076956749
18.69141483735712,2.0776982828974724
-2.5463069127526703,2.072782427072525
-5.428984349775846,2.069716691970825
-18.157650059830807,2.065425343811512
-18.402243749461107,2.0615308955311775
3.9298772592555027,2.0572892129421234
-2.7782618622661053,2.057799693197012
-1.185682612235018,2.0545186698436737
-19.823421695569575,2.0513180568814278
-19.74718541680902,2.0474679209291935
18.759222921603506,2.0452066212892532
11.991733946589441,2.0443690046668053
-19.257633769147454,2.04405539855361
-18.862940583027566,2.0390768572688103
-15.861058140305484,2.0359472669661045
0.38446122044405506,2.032666001468897
-8.563999452765449,2.03468431904912
11.560122052703626,2.033580467104912
9.021664699127768,2.032343901693821
-1.8835778412477118,2.030457613989711
2.36712003151388,2.028041722252965
8.800570467380924,2.0257269982248545
1.14079049645454,2.0239432770758867
-8.03235679119247,2.0215798914432526
-14.181433402796587,2.0194375943392515
-17.340412299453064,2.0164588913321495
-16.188308793707854,2.0153847513720393
-20.566902391876017,2.012866146862507
17.886696897299405,2.015725240111351
14.209858592474442,2.018749749287963
-19.130981769794598,2.018526315689087
-18.82256349345724,2.015949632972479
-3.1968846985442867,2.014361818321049
18.296702211583387,2.014910160563886
1.6425139183989035,2.0135793909430504
-5.767250034746974,2.0126739302650094
-13.802647175394933,2.011146596632898
19.99446292364655,2.0098987901583314
19.51895856831689,2.0093149170279503
-17.858575183219116,2.008310681208968
-18.108960928120723,2.007481073960662
13.983716488614654,2.006537776440382
8.646799039318664,2.00553504191339
-16.55934403107625,2.0052586030215025
-15.63645811567849,2.0045181466266513
-1.4214208418105416,2.0032337300945073
1.0679973465065604,2.0023901115637273
1.209849202713115,2.0025487861130387
1.5652719252727547,2.0021021810825914
-0.34517087171289584,2.0017053245101124
0.1736482067372158,2.001441065571271
0.5808029608831156,2.0011386814294383
0.4931689871888045,2.000943447346799
-0.07012926843449913,2.0008338578627445
-0.18115703829768773,2.0007753637619317
0.30634572171377794,2.000662670354359
0.8155095494860899,2.000567363400478
0.4722392166688485,2.0004781995667145
0.14450678463322583,2.000448333536042
-0.49245741799678855,2.0003644529206213
1.2905250902149497,2.000293038232485
2.8436614323293203,2.000259506079601
8.432118771987128,2.000262374349404
20.0058058421791,2.0004501841322053
18.334806704425795,2.000235619445448
19.592419726739994,2.003592055058107
13.52196558787013,2.0026124080177397
16.864902745215485,2.003161597298458
8.00001010920867,2.006285037845373
7.406986141632254,2.0186103861778975
13.767127512536135,2.0296714287251234
7.1340745381715545,2.0261469073593616
9.942754008791,2.04568574950099
9.982068207517731,2.0536665953695774
7.3340760565663246,2.0487361885607243
9.551947058003911,2.0643725618720055
10.645557746328485,2.0592267364263535
18.330039914207806,2.066807061433792
16.965354926731067,2.073359005153179
14.31943597375586,2.0801157653331757
14.302158169271634,2.0785148292779922
7.467218480062978,2.077388495206833
6.889571408550127,2.0786892473697662
6.462195135630044,2.0702721178531647
5.524776821445016,2.0965072214603424
7.63867028902599,2.1054955199360847
8.291728070564538,2.112201005220413
12.48635572614209,2.1161510795354843
17.284703890438422,2.116515338420868
11.858234559563599,2.112394295632839
9.560941819297714,2.1089990958571434
7.450902086831377,2.0971996784210205
6.185746414909284,2.097468614578247
7.966752133383152,2.1165261268615723
10.027069571959377,2.104297421872616
7.384752421199295,2.121365986764431
6.785855217312003,2.118936240673065
7.081775756774402,2.123908132314682
7.504673782466855,2.1251477748155594
9.315138990589322,2.110296331346035
16.44715246650706,2.1190187633037567
20.42946657831341,2.1213741824030876
9.649495672661255,2.1252859383821487
9.003931455285242,2.110817961394787
5.910702250620567,2.1155890375375748
4.14882550329332,2.1005386486649513
6.186058132663352,2.1034095138311386
6.109991626787681,2.131352663040161
8.230285605745037,2.1322315484285355
16.10562533836965,2.1165210604667664
6.742195854647381,2.1202074363827705
8.127056071661407,2.1194938719272614
8.166564909603528,2.137377992272377
7.388900771188316,2.1217701882123947
6.5819995935637765,2.121535502374172
7.947613481696667,2.1408601999282837
-19.919684441178003,2.124729059636593
-19.950784185154525,2.139868676662445
11.337012022901511,2.1236511766910553
11.355971164207553,2.107723481953144
14.642828033735078,2.0912816524505615
3.8878417481721526,2.086080089211464
5.199896618816176,2.0885818377137184
5.600941911879703,2.0733402222394943
4.614193710465964,2.088607519865036
4.327843509577222,2.091408431529999
6.662144875332875,2.0758144855499268
6.06955285709,2.0877139791846275
4.040991645882005,2.0973553210496902
6.235002423513562,2.1218253448605537
5.853489620480479,2.1270715445280075
4.653125480928432,2.112147070467472
5.22719633881907,2.113047994673252
5.234153982261883,2.1203581169247627
5.15214044739961,2.1040265411138535
4.654329226393033,2.088927984237671
6.9730478334680015,2.122855044901371
6.652934599040372,2.127207413315773
4.874826194210956,2.1114809587597847
7.182943290272797,2.1170902252197266
6.528696229082843,2.1183514446020126
14.117420761277518,2.135910838842392
9.61983673358687,2.1310912519693375
10.385066529846023,2.122940018773079
7.614971024481022,2.1209934055805206
5.909501299399957,2.1053105518221855
5.397443882722975,2.1235387921333313
7.26688063509042,2.1080482080578804
9.418410295763142,2.13369058072567
12.13946255982544,2.1186670660972595
15.64703601757579,2.1188181042671204
9.190816239949681,2.12040988355875
10.98140220810168,2.115795746445656
8.866994737510966,2.127623677253723
11.46078379562391,2.124907873570919
11.725928871187497,2.123778782784939
11.492632809471125,2.1181558668613434
7.741812849936503,2.105008989572525
7.846265579250007,2.10798642039299
7.450822298362314,2.1084711998701096
16.95056475909883,2.110046774148941
12.821813201820687,2.099236287176609
16.38531191470974,2.1018013283610344
19.99059884316804,2.1072997748851776
10.97341393636923,2.1023580580949783
20.185123118856204,2.0926610454916954
14.261566245390224,2.0991345643997192
20.023412245793303,2.0959048345685005
-19.842735020097066,2.0868475288152695
-19.573092516202376,2.087377406656742
12.193755011850067,2.0792661383748055
-16.542797120317406,2.0712625980377197
-15.309564192011557,2.0688165947794914
-17.353493632168842,2.0607903003692627
-6.975035420320322,2.0514572113752365
-11.33994941819427,2.046268720179796
-7.709599016049185,2.066600762307644
-8.72453614610317,2.0661629363894463
-12.973175803367305,2.070818178355694
-9.532513560579405,2.0689074248075485
-7.710555881820023,2.057461105287075
-11.147299472355195,2.060007493942976
-8.447071444654124,2.048407267779112
-7.778786905958927,2.051044587045908
-6.4834497022103985,2.053690481930971
-6.411185104968219,2.073084779083729
-7.7212335177366995,2.0605567060410976
-5.803929720617296,2.084244966506958
-9.034183380679073,2.0705407708883286
-8.438644596727611,2.0970309153199196
-9.851540039344153,2.0888328179717064
-12.239728984126929,2.0911993384361267
-7.966640109972692,2.082883797585964
-9.876964855849767,2.078367695212364
-8.201798459772075,2.080756403505802
-6.449783342858941,2.065090522170067
-5.6753347345211225,2.0610093362629414
-5.367163372418281,2.06709872931242
-5.177060492138416,2.092181734740734
-8.671761192189956,2.100762479007244
-9.387862716269415,2.0848003178834915
-7.538043555044109,2.102523662149906
19.109501048935673,2.0870858803391457
13.147893719134494,2.0954649969935417
-10.184691481571267,2.0817917436361313
-10.203246542384353,2.06547761708498
-11.262885009650482,2.0501814782619476
-3.9331858849179095,2.0334911979734898
-4.27184297274889,2.032905787229538
-3.950259640394522,2.071869194507599
-10.789011665441382,2.0788680762052536
-7.009752938452804,2.0642522647976875
-5.777120720623701,2.064972050487995
-6.473900577845097,2.0674940943717957
-6.44273348458872,2.0725202187895775
-10.999591668220294,2.0756960734725
-20.027126638638236,2.0944276973605156
-10.3698690751301,2.0871466398239136
-12.889164310141158,2.078315369784832
-9.180640591301342,2.0684971064329147
-3.9874008810969097,2.0627492889761925
-3.7524482315968157,2.065269373357296
-3.5639909718009206,2.0500518158078194
-3.2306081669704096,2.0886954590678215
-3.9316678097437476,2.0932673886418343
-4.202404868295716,2.0779569298028946
-4.660873111829169,2.1062897220253944
-5.8374554472715925,2.1091035827994347
-6.417230042621849,2.093287855386734
-6.536943655159438,2.1142898574471474
-12.946175876788526,2.098527453839779
-5.431279963695687,2.1068659648299217
-12.030163281397584,2.109519548714161
-13.787152151354775,2.129169538617134
-7.451551331698361,2.113436721265316
-6.752541696811312,2.11803912371397
-5.508008162067452,2.118285931646824
-5.259198281880737,2.121521644294262
-7.542317428216991,2.1060072407126427
-9.952397034583035,2.131623849272728
-14.97186133259957,2.1164832189679146
-9.73241980688052,2.1269658505916595
-9.548650848894054,2.121890790760517
-9.414619258345876,2.120929278433323
-6.067954158803285,2.106441356241703
-5.957073183535352,2.092610202729702
-13.810971450473732,2.1204593777656555
-11.270873746594557,2.1179133653640747
-18.1827244536793,2.1175914630293846
-10.54146875704545,2.1087821647524834
-6.621794788906945,2.0966831818223
-8.377003573370361,2.094512291252613
-11.929754456179719,2.101731836795807
-19.182543786548294,2.1198811680078506
10.730022704780641,2.1160463020205498
8.042784507709152,2.1085768789052963
16.51345067329308,2.098827041685581
19.879929508287447,2.088647313416004
16.67042326547861,2.0875291898846626
-19.75846781547317,2.08046917617321
-20.28423632659728,2.07085981965065
-16.619674895444984,2.059762742370367
-9.816434482315211,2.0527003929018974
-7.626295703946109,2.042271815240383
-6.21144989404576,2.042330212891102
-5.793338304200235,2.047830943018198
-8.525953601817086,2.076144054532051
-16.742981424713964,2.0816852301359177
-11.27987403519723,2.0809467136859894
-15.829536793333482,2.072505734860897
-13.381926824526102,2.0760535895824432
-14.174166047474571,2.0838469117879868
-13.89374047322878,2.085758976638317
-12.702068860910906,2.0786298513412476
8.723458827312767,2.075171150267124
6.31067498499807,2.0696789622306824
19.933823140495463,2.0634011030197144
-1.0531373757180995,2.056389234960079
20.02448944339548,2.05671264603734
20.513675652124093,2.051184058189392
9.749277223336286,2.0437853634357452
16.618800033771592,2.0450938902795315
17.060269091009232,2.0468588694930077
9.915868048137886,2.0444700978696346
17.81368294504552,2.046857986599207
4.475410741469282,2.043613377958536
19.09083038510094,2.0346831418573856
10.195628513964442,2.031940881162882
18.74315994678929,2.0221815072000027
7.349913634940741,2.0167026463896036
6.427058927880615,2.008792983368039
4.318871544037082,2.012320919893682
3.5316987847164625,2.0223738625645638
4.508927934772739,2.0605092644691467
5.071899268486861,2.074314758181572
8.017889819601342,2.0761552676558495
10.364869631750913,2.0632102265954018
11.475379191423865,2.0734836608171463
6.289119094889281,2.080244369804859
5.625152874482172,2.083857946097851
5.685912292189022,2.0872261598706245
7.137529864157213,2.072538062930107
5.1933127262044145,2.0581042133271694
8.085479325551034,2.088954083621502
16.74466440141016,2.0930201411247253
6.300853627318298,2.087803192436695
5.5910084730757905,2.080262579023838
4.91889273571874,2.086788550019264
4.894990154241908,2.091039478778839
7.130223964935655,2.0983038246631622
7.549267799333716,2.1001740992069244
10.779597217969016,2.0851556956768036
8.592891381884163,2.085811898112297
10.822614400560942,2.0897030532360077
19.897047581981063,2.1038960069417953
12.855183967588898,2.093451999127865
11.067876557295659,2.0769771337509155
10.917391252436998,2.0801607966423035
14.585070932544685,2.0645690262317657
9.596119732438268,2.070739358663559
4.868297921061379,2.05571997910738
5.238711385218002,2.0685007721185684
5.246471888276801,2.073280520737171
3.429757301180685,2.057839896529913
3.2051951335269235,2.0431024692952633
3.3465750763146556,2.059162452816963
3.4431904128821884,2.0445803068578243
3.4405678705939673,2.05138261243701
4.203659438593841,2.0819264724850655
6.556749047362575,2.068568415939808
14.246054796938232,2.0731695890426636
9.44492383090117,2.0765303671360016
10.646184533754749,2.0837481543421745
8.576715109976094,2.080082193017006
8.83132406918576,2.065630555152893
9.562371443718668,2.065069369971752
7.858819779132936,2.065631866455078
6.7725360454688435,2.0665694922208786
4.6781932407226705,2.081659808754921
5.167634053957196,2.0868298187851906
6.079986675556496,2.0940714329481125
5.869270442031268,2.079012803733349
11.190469546370597,2.1056609973311424
12.335928656311005,2.105680972337723
9.344208386134092,2.0998333543539047
7.472726487889063,2.0929372385144234
5.602881375146325,2.0932541266083717
4.6488456878965,2.0938932672142982
5.9466522905561,2.077002078294754
6.245329668120723,2.087723597884178
7.47245730640108,2.099557101726532
20.594477073782944,2.1208193749189377
15.027036488297306,2.1145346611738205
17.983438422143195,2.1006239131093025
15.581362863243319,2.103464923799038
13.20825295983831,2.0903979688882828
17.385992386590495,2.0946207493543625
14.422487804089844,2.087661124765873
16.603766868263214,2.0817095264792442
8.489845694968674,2.0705370977520943
8.763725405903301,2.077179580926895
12.153857697496035,2.0657946094870567
10.75073968607453,2.0831371024250984
13.056342314110811,2.0836673080921173
17.10157841825658,2.0742487981915474
11.090605462854391,2.0739455223083496
10.278110508068078,2.065336935222149
7.433203386870315,2.0680331513285637
10.464567380443233,2.0718106776475906
14.346124687227984,2.078986555337906
20.015410636527132,2.087423622608185
8.855583309728905,2.089883178472519
13.99381049067064,2.08911395072937
14.302576249603327,2.0864192992448807
18.901043271176214,2.0834813192486763
-0.149661717342097,2.0808068811893463
-1.8328675847868212,2.079391673207283
15.879891239191615,2.077883504331112
19.69356366553492,2.073622480034828
0.6239343075510033,2.0701597034931183
-12.923643510605892,2.0672530457377434
6.078287135902444,2.063077948987484
-5.5090982686990015,2.056981176137924
-3.025427891138318,2.056055963039398
-19.991564365322088,2.0522858947515488
-14.311317435738552,2.050878267735243
-12.387659380131367,2.0495982356369495
-9.154441990646792,2.0528283528983593
-11.088142482053634,2.0563251227140427
-20.024380934659717,2.0610595382750034
-13.06638876746064,2.064659997820854
-18.284279433055747,2.0585292503237724
-19.72953669997994,2.0643035769462585
-9.251653246790205,2.058078058063984
-6.9189041057824365,2.0561120845377445
-19.856193505748955,2.0515598133206367
-15.67735839047652,2.047295421361923
-6.750069259945625,2.042425110936165
-12.138412516543934,2.0478582829236984
-8.848102365961475,2.0502090491354465
-11.178041673153558,2.0406101122498512
-19.854613604529188,2.0554511956870556
-7.647983898983147,2.0491299778223038
-10.815866999650758,2.0506399869918823
-5.925070395665427,2.0398297160863876
-5.458342820481101,2.056040447205305
-8.068949550710878,2.0433150939643383
-6.2149407282533815,2.055606111884117
-7.6634255062352725,2.0612855926156044
-7.661810568363153,2.067608207464218
-7.942444752005859,2.0889062881469727
-13.663779409367597,2.0907547920942307
-18.66399769503829,2.0880210399627686
-19.36488531250559,2.078506886959076
-12.161662202323527,2.069367729127407
-6.034866037115815,2.05838580429554
-4.621989686429995,2.0427701584994793
-4.219425201289791,2.0473053604364395
-4.317557637755584,2.082391954958439
-7.802700395900678,2.08680210262537
-10.189559479017213,2.0703830271959305
-13.182441710205492,2.084354855120182
-11.802315379651809,2.0790163576602936
-10.048010067196124,2.063759244978428
-5.816321717658652,2.060878612101078
-8.061833679502408,2.0593696385622025
-15.17259571957844,2.064932458102703
-9.228326259273427,2.0701436772942543
-12.115668785502578,2.068888120353222
-6.181122498673999,2.0768951699137688
-5.5468261906644365,2.0780192017555237
-10.484984354489882,2.0623304285109043
-11.233216541888,2.0689418986439705
-19.43945431760215,2.073681376874447
-11.994953023103285,2.0807678624987602
-11.141104369933268,2.065626621246338
-7.82453828328491,2.0618168264627457
-6.373117181043526,2.046670865267515
-4.953149593615988,2.0421597734093666
-4.832459493335843,2.0539247170090675
-7.684329480891324,2.0832587853074074
-5.683787675549318,2.0883498042821884
-6.911707522791232,2.072806417942047
-4.331773328416835,2.076901353895664
-5.758632476430979,2.0839937776327133
-5.858409586930762,2.092521220445633
-8.605475530416914,2.1173998415470123
-12.493090335540561,2.112588621675968
-10.340108843965353,2.1089805364608765
-8.404003458744823,2.1006538197398186
-7.64397652041201,2.100086271762848
-6.50862152535521,2.083723306655884
-5.103687576969289,2.086109958589077
-5.442842990742888,2.092554196715355
-9.800768920654786,2.120353102684021
-17.262021113568363,2.106315426528454
4.706863667475967,2.109044462442398
-17.3976147417005,2.107477016746998
-16.627466737077764,2.098460875451565
-6.791094567693025,2.085004836320877
-6.223019776578117,2.0681788697838783
-4.343684138848589,2.089811719954014
-3.485427997883502,1.0757739022374153
-6.613151211566068,1.1064474880695343
-9.31341808649352,1.1034116968512535
-9.49842479279175,1.0937028899788857
-9.54831450790209,1.087249606847763
-8.227049131605,1.0753205046057701
-6.436877409730997,1.0705973953008652
-6.226563221524524,1.058583214879036
-5.006863253606508,1.0561003610491753
-5.323411923131602,1.0667136833071709
-6.627863127958248,1.0683365389704704
-5.5607067014600675,1.0653438419103622
-5.217367730448513,1.0643380135297775
-8.831985829357404,1.0657844468951225
-6.058344691614418,1.0639331862330437
-7.066255782504173,1.055043987929821
-8.941900828140298,1.0654861479997635
-5.168949738012952,1.06317188590765
-7.166570402427835,1.0559255629777908
-6.3933553678899155,1.0575332529842854
-6.239017078002847,1.067362703382969
-10.137631234927092,1.0611545741558075
-7.503792600003983,1.0667320936918259
10.13394899426054,1.0685984790325165
6.993561133618545,1.0669173672795296
-8.676194755123621,1.064650446176529
-0.9427562687792946,1.0598620846867561
-9.334114996077075,1.054122667759657
-9.511274861585118,1.04984899610281
9.078779687603216,1.0479477904736996
0.5716921185017342,1.0438620373606682
-9.185472236172096,1.0403522998094559
-9.703407478974663,1.0369416363537312
-9.016559808131,1.0331486947834492
-10.070245782732936,1.0351367704570293
-9.479363116046665,1.035833466798067
10.031242964308344,1.0324954241514206
9.853610763572458,1.0323365777730942
-10.133968931143082,1.0297888033092022
-10.130114878297075,1.0272992476820946
-0.6531232846948303,1.024226089939475
-7.33671016938277,1.022897657006979
-8.368777831095926,1.020854726433754
0.636888601890569,1.018557358533144
2.755289651187713,1.0164514128118753
-4.51874888241511,1.0160184670239687
-1.7940046142600548,1.0152665730565786
0.23503840720397373,1.0135191716253757
2.539890720694041,1.0124773336574435
-1.9653219664040855,1.0108637223020196
-0.11551464362900468,1.0094565395265818
-3.801958140579092,1.0081316968426108
-7.553467401643406,1.006532619241625
-2.909323552700455,1.0055045140907168
6.517560585575323,1.0054059596732259
1.1821546606886086,1.0043889204971492
-3.399673533326813,1.0036203546915203
-1.2987197351798891,1.0029487528372556
0.6195813912469299,1.0021829074248672
0.6991047124906329,1.0017599249258637
0.7817642717687436,1.001454088022001
0.16063757351040986,1.0011984602315351
0.3851658789324166,1.0009915669215843
0.38323323521318364,1.0008088977192529
0.5251473801928176,1.0006240276270546
0.5063074546739902,1.000525721698068
2.4180362514264067,1.0003889789513778
2.9680964602526023,1.0002826353302225
4.589620372390202,1.0002078297693515
9.787695292087177,1.0002590564254206
9.67278859549953,1.0014602896990255
8.968125009763314,1.0008427947177552
6.8163188616608625,1.0029209069907665
8.672149755656008,1.0055803144350648
8.409484698193276,1.0095741227269173
8.124415184398407,1.0182548463344574
8.774816267082798,1.0148914428427815
4.930295800517138,1.0233581606298685
4.466975543331097,1.0187130123376846
4.104255210079057,1.0228610895574093
5.3894372756073725,1.0293270386755466
8.30622338122176,1.0469783656299114
6.572002025334481,1.041261449456215
9.232442919148628,1.0511954613029957
6.775398145234568,1.0446318089962006
5.223367917388904,1.0441140681505203
10.110657862028338,1.0427029617130756
7.702454382678127,1.0468116253614426
6.063428618671898,1.0507670156657696
8.386892338715404,1.0430946871638298
4.49566311860508,1.0462521128356457
3.872371521685265,1.054085347801447
6.400823487220106,1.059863816946745
4.7939734548992385,1.056633297353983
4.719899794298334,1.0479208044707775
5.042117913615877,1.0492190532386303
3.562240775248479,1.0526095442473888
2.709473767956956,1.064564734697342
2.516057822449338,1.0628129616379738
2.511308989507551,1.0699341222643852
2.3177540456388526,1.0660936757922173
1.8426596620465272,1.06586242467165
1.7197873611019978,1.0638921484351158
1.9257890510964781,1.0504094809293747
2.0621988873844073,1.0642763450741768
2.26854072020918,1.0520038343966007
2.491472457161034,1.0614643916487694
2.41358812396855,1.0574946366250515
2.349232586726967,1.0527516156435013
1.9923412407681607,1.0538468584418297
1.8179440371940818,1.0404290035367012
1.8689184642980172,1.038398303091526
1.8848354775594884,1.049299206584692
1.790883338760878,1.0477505885064602
1.6021522799467844,1.036479875445366
1.6080851846148443,1.0506890825927258
1.5393854259681097,1.0486678443849087
1.5593331256331942,1.0386982448399067
1.5704120746953798,1.0481991730630398
1.5668796206173812,1.0389127843081951
1.5617239446301687,1.04235116019845
1.5914285841768796,1.046747576445341
1.639970075261603,1.0566002428531647
1.6179724396858512,1.053497076034546
1.6483610307663206,1.055957980453968
1.559350131742884,1.0521066226065159
1.5609853285174924,1.0411497540771961
1.6769731896215008,1.057114191353321
1.7115429499515709,1.0524909161031246
1.6830659746197818,1.0525621362030506
1.6708556799735854,1.0413333289325237
1.6627883137841812,1.0499629601836205
1.6278168786205398,1.0519063025712967
1.6759971631765826,1.054659403860569
1.647087742834802,1.043498683720827
1.6260822662561323,1.038972020149231
1.5051589904058962,1.0478262417018414
1.3986428211888329,1.0504351407289505
1.4642516074051066,1.054785430431366
1.3285934798190149,1.0425343625247478
1.2916787611307792,1.041143260896206
1.2419698225247862,1.047395396977663
1.252098814926662,1.0464516803622246
1.2727971448162037,1.0449332296848297
1.3153757797522476,1.0600091442465782
1.3191007854185852,1.0597497709095478
1.333750388305976,1.0510422177612782
1.3645865544026852,1.0653907433152199
1.3596235044345883,1.062963493168354
1.2929082167958696,1.0523975789546967
1.3197020403694277,1.0508777871727943
1.3187844649402622,1.0578381903469563
1.3478445427255374,1.0613438189029694
1.376795627341195,1.0506337508559227
1.4615709466231963,1.0558460839092731
1.587937862497932,1.0607634410262108
1.6663432547157333,1.0632702857255936
1.6193839613123386,1.0586716197431087
1.570840672932303,1.0487780310213566
1.498652992498113,1.0579433478415012
1.9677337443260334,1.0475536435842514
1.5187204804593661,1.0629727616906166
1.5089426841235989,1.0580191425979137
1.5255860357175894,1.0445507615804672
1.521745598087922,1.0469692088663578
1.982198252887779,1.0450311489403248
1.4202525195020876,1.049625888466835
1.4260907680493062,1.0461861155927181
1.4311275845676257,1.0514872148633003
1.516518199630578,1.0610808655619621
1.5473105321492646,1.0517608113586903
1.5810012154822912,1.0622528456151485
1.57851456259344,1.0518030896782875
1.5752755386818482,1.0536861903965473
1.570126018359693,1.0498930551111698
1.58541778502019,1.0580655932426453
1.6146919803810504,1.0606473572552204
1.6864778217802998,1.0608153492212296
1.6056970432409132,1.0483903624117374
1.6344378014467082,1.0555261932313442
1.4934977279983306,1.0508900582790375
1.4359716869922527,1.0398212485015392
1.4547261865931351,1.057149462401867
1.276652861814968,1.0519752763211727
1.2610872093621088,1.0408728159964085
1.239286190741487,1.0463850125670433
1.2726834114899441,1.0552964620292187
1.2495341942498133,1.0530707128345966
1.2983392081116916,1.0603155940771103
1.3055377444999408,1.059335544705391
1.2819315663623778,1.0491016693413258
1.2487313723762135,1.055468164384365
1.2711219494658854,1.0475015230476856
1.352609451597161,1.0638784617185593
1.4108193280394246,1.0604745112359524
1.4078603862376093,1.0511872619390488
1.4471819585994592,1.063291296362877
1.3573482825779188,1.0592297054827213
1.3535072585760202,1.0493145771324635
1.3864890014729183,1.0545120872557163
1.3781722624777157,1.0514329299330711
1.3916782816160402,1.0503973960876465
1.4323122019774446,1.055400561541319
1.3569700280935018,1.051492553204298
1.3987413029141393,1.0561337023973465
1.3210586160160325,1.0457349047064781
1.275177420790394,1.052595242857933
1.2639973478313191,1.059158906340599
1.2160630875575678,1.0488327890634537
1.1657638763908162,1.0559693053364754
1.1984448121197058,1.062615044414997
1.203836714854255,1.061073038727045
1.2175138104884755,1.0600573793053627
1.214936260079763,1.0506017282605171
1.6658655756804794,1.0494949743151665
1.2559254008002445,1.0497163087129593
1.2760013503506118,1.0653645694255829
1.2437751323780453,1.0564857423305511
1.2715328274213136,1.0713859423995018
1.2799032963206944,1.0686299502849579
1.257030196918587,1.0582957044243813
1.3150058822995634,1.0642872601747513
1.3646086147040548,1.0700796246528625
1.3615166467760835,1.0656233727931976
1.2994391929166262,1.0628237873315811
1.330558615445177,1.0665545761585236
1.2889138525050567,1.0542282201349735
1.2653379331756196,1.0508069284260273
1.344028366791679,1.0648121237754822
1.295229118663468,1.0526560358703136
1.2272009085395434,1.0525583177804947
1.1961015303636278,1.0504844188690186
1.1571314347548203,1.0487818121910095
1.1621679767838864,1.0407646670937538
1.2054961252909058,1.0599229633808136
1.2286511100378201,1.058903630822897
1.2250285051968528,1.0589523576200008
1.184119607064453,1.05802421271801
1.156008697624678,1.048926930874586
1.1268813855412523,1.0580507814884186
1.1100047189496522,1.0571727119386196
1.1476542920526094,1.067183218896389
1.1420439250458658,1.0664104968309402
1.1366126560809242,1.065272331237793
1.0969759203533394,1.0640016943216324
1.1045452982851187,1.0529830604791641
1.138364234981091,1.0714829117059708
1.155102920580413,1.0710379779338837
1.16178886791249,1.0695880353450775
1.1901114372476012,1.0684847235679626
1.2043461453528699,1.0670753568410873
1.2069800589623811,1.0656200647354126
1.227657202921401,1.0720078572630882
1.2248708379167539,1.0691640451550484
1.1914602210565417,1.0585098676383495
1.2209009708037613,1.0655673295259476
1.1860335383915381,1.0553808212280273
1.189221872460808,1.053346637636423
1.1925722742644762,1.0592408254742622
1.1859464674272118,1.0580111667513847
1.2233785699058932,1.0658564418554306
1.1854858208527337,1.0635513961315155
1.1837798771734898,1.0530259236693382
1.1766025871482642,1.061782505363226
1.174236405898976,1.060137402266264
1.1781487442196408,1.0601994767785072
1.1467160140072457,1.0590672008693218
1.0931748927539515,1.0662563815712929
1.067175231585829,1.0558960437774658
1.0878170558569613,1.0635520368814468
1.1051843111606878,1.0637011751532555
1.086581764681865,1.0535004548728466
1.09339753126774,1.055490829050541
1.0988802776375781,1.0562973208725452
1.1212722963768746,1.0649207755923271
1.1128641794527492,1.0566299259662628
1.1082907266253939,1.0574037320911884
1.1038880754015086,1.0580385513603687
1.0826277399532374,1.0585413575172424
1.095233005220353,1.0602808631956577
1.1061764439747843,1.07088004052639
1.117692797102388,1.0700946971774101
1.1582310810147038,1.08012705296278
1.1308398451806279,1.0695023462176323
1.1637319583712125,1.0777947679162025
1.1483618409074532,1.067565880715847
1.1722029493101689,1.0663472712039948
1.1810152726207337,1.0662442818284035
1.180425716248344,1.0742613151669502
1.179363634683592,1.0736622214317322
1.2034826845406454,1.0719204396009445
1.2032088466873718,1.070033185184002
1.1904726307920253,1.0683583542704582
1.180418624321462,1.0582419708371162
1.2045581406520272,1.057686436921358
1.2578926463563722,1.075184665620327
1.2580091437408387,1.065018191933632
1.3192210970858806,1.0722235962748528
1.3311742478603008,1.063466101884842
1.370939152913752,1.0762382373213768
1.35290195598981,1.0672374740242958
1.3374705832344866,1.0712691470980644
1.3761679174194563,1.0778547823429108
1.3465607935014547,1.0670517981052399
1.3943192371290012,1.072715848684311
1.416586009061658,1.0628487542271614
1.5064793890609032,1.075473390519619
1.5228630676244994,1.0785078629851341
2.1070955811060363,1.066922850906849
1.476370983602352,1.0636088326573372
1.4823805128973884,1.073287971317768
1.4714766939494766,1.076960250735283
1.4793440780942755,1.0788770243525505
1.9764656744945495,1.075792245566845
1.5249712196234881,1.0651274472475052
1.6698120113117434,1.0752799957990646
1.7180997223392227,1.065901793539524
1.7172377903494611,1.0810314267873764
1.5676050828276966,1.0761315003037453
1.612083253402142,1.065817654132843
1.5483242298638307,1.0685158669948578
1.6558078464762018,1.0721844509243965
1.7248694622116245,1.0830229967832565
1.7681522673284535,1.072634644806385
2.012690742509322,1.0798292979598045
2.2543042106323314,1.0819971188902855
2.2131094494170416,1.0819235146045685
2.1081757878774563,1.0816841647028923
2.3253007393309306,1.0715857073664665
2.779693612255384,1.083303302526474
3.080429174389214,1.081821084022522
2.8953144849131807,1.0827859714627266
3.009494995267122,1.0844004601240158
3.221810197240025,1.0864829942584038
3.9003883158101873,1.0880458876490593
3.693710139144999,1.088200181722641
4.790307075616115,1.0802930817008018
6.564419141019597,1.0917504578828812
8.730313567059959,1.0921171680092812
5.671035333118825,1.0915021672844887
7.446244467559863,1.08880016207695
4.867456874670847,1.083339013159275
-4.625809890393373,1.0773012265563011
6.1300663000246,1.0742727369070053
7.04929007853105,1.0709759965538979
10.115736360560984,1.0657274052500725
9.20006917207262,1.0635605230927467
8.022145472687876,1.0589004568755627
9.21728931213903,1.0581697151064873
-7.770830366921036,1.0596566088497639
-0.08675025755355861,1.0562543347477913
7.109381020342816,1.0539901815354824
2.682198069495441,1.050685565918684
3.6560707201400318,1.0472259223461151
-4.7448656709454715,1.0441212132573128
-1.534569727948346,1.0429243259131908
6.82970900617396,1.0385071150958538
-4.918771864154954,1.0358530208468437
-3.832939692855379,1.0354379452764988
-9.51742233619177,1.0327814817428589
-7.725342574447925,1.030260894447565
-5.4725281734701365,1.0274180322885513
-6.297969269011958,1.0289266910403967
-8.065344154633511,1.0331706926226616
-8.185872597995788,1.0437226556241512
-6.385591305576096,1.0444899573922157
-5.593852284424582,1.0397498831152916
-3.4560170465315623,1.0509680695831776
-5.391383527221944,1.0456880517303944
-6.529377699143773,1.0548680685460567
-7.43781202892243,1.0693908631801605
7.1047026061181136,1.0702902898192406
-6.28938375204498,1.0625142231583595
-5.21186476265622,1.0604953244328499
-8.608631923789426,1.0525076277554035
-7.209501560382026,1.045499298721552
-5.907914502740281,1.0492442585527897
-8.838275257203186,1.0407056733965874
-6.0082335624601475,1.042327519506216
-9.767156012284214,1.0438380539417267
7.399132068895312,1.0344263352453709
8.098821193790064,1.0330553241074085
7.566335061973204,1.023422783240676
8.442328980592219,1.019660096615553
7.016984009628716,1.0115602808073163
8.86360336944928,1.0142957270145416
6.387570821270871,1.0092731649056077
5.77495623030156,1.015844039618969
4.059902077037256,1.009825753979385
4.435885838368448,1.0129452720284462
4.432616123013719,1.0310118589550257
5.979768854267007,1.0259250812232494
3.531084801738821,1.0377054437994957
9.905637169026342,1.0311425663530827
9.82656215255488,1.0302542932331562
8.995867406865305,1.0297986045479774
7.5567258201249174,1.0277115050703287
9.036988756396266,1.027255691587925
-9.988156211416973,1.022898243740201
-9.806142973464585,1.0263985339552164
9.928486819423142,1.022260818630457
9.806211934439364,1.018335934728384
6.282096938562818,1.0140357268974185
8.175266687218288,1.0094711100682616
8.029612812613143,1.008401995524764
6.529799849388731,1.010049730539322
5.964367604991387,1.013218586333096
9.701168528147655,1.0185110978782177
-3.5514197558321587,1.030164597555995
-8.235808540454862,1.0297114867717028
8.084478344101477,1.0278981532901525
8.673115991408448,1.0260405112057924
9.175727699285108,1.0240652058273554
-0.04887850452051311,1.0219443496316671
-6.820573526225015,1.019925920292735
2.879848884317693,1.0201722104102373
6.582380696651418,1.0186850018799305
-0.03669974972572124,1.0174433682113886
-8.131173023647492,1.0153151117265224
-0.47673443350679046,1.0145014757290483
-1.878688966128554,1.0126962820068002
0.035042392918970384,1.011403914541006
1.701594495698894,1.010999096557498
-4.453110408295512,1.0093906950205564
-1.2602923114999234,1.0070922141894698
-10.135157829982143,1.00560194067657
-10.083241016864646,1.0055886656045914
-8.309143224689523,1.0056589585728943
-7.709195992137432,1.0037541689816862
-6.360869483525405,1.0058423671871424
-7.213078471087989,1.0033235708251595
-10.137547767142811,1.0041200136765838
-9.820814783887991,1.0036607743240893
-6.558159396218569,1.0043130088597536
-5.63147862880115,1.0022492541465908
-8.491034967853514,1.0060447305440903
-6.38539553593605,1.0202045645564795
-10.136185572756263,1.0217413641512394
-10.129492983834101,1.0155863761901855
-9.149074666558347,1.0174387488514185
-9.679544670297584,1.0177990458905697
-8.63053011224328,1.0114189870655537
-7.906416978070951,1.0145910754799843
-7.066387622165271,1.013569064438343
-6.365151905379358,1.0133706089109182
-5.27860606740258,1.0135876759886742
-4.697935959194423,1.0075571411289275
-3.8339378883776796,1.0211182832717896
-3.1804562362979434,1.0148222791031003
-2.769485559316605,1.0319216810166836
-2.9166699579075326,1.0364839397370815
-2.7882297315129545,1.0366419963538647
-2.6490724315951617,1.0276888515800238
-2.606643411850002,1.0298408921808004
-2.599244277586195,1.040262971073389
-2.5194620507926415,1.04147582128644
-2.421592786458085,1.0394567884504795
-2.354896756045452,1.0295556876808405
-2.2716564824466356,1.0335588529706001
-2.214071694489613,1.0325713157653809
-2.157655956176587,1.03654395788908
-2.103487014424913,1.0367263816297054
-2.0334949300018086,1.0468175113201141
-2.0020164067428343,1.0380487143993378
-1.9276873144593825,1.0433010533452034
-1.88245101973307,1.042182121425867
-1.8573786753786885,1.0421919263899326
-1.8176671683925154,1.0476706586778164
-1.7704414429148776,1.0370482541620731
-1.730761161324137,1.0395345278084278
-1.6984578497823608,1.0413099601864815
-1.6817927474074785,1.044120080769062
-1.665030882251045,1.0459484942257404
-1.6460453950201734,1.0418133325874805
-1.6329834030391361,1.0450380817055702
-1.6139712087731026,1.0477613359689713
-1.5943600150740982,1.0556320324540138
-1.5804068604222343,1.044344026595354
-1.5631885148789326,1.0479523912072182
-1.5533653575471484,1.0436703264713287
-1.541165372647544,1.0470347814261913
-1.5752144475115957,1.0561706274747849
-1.5191035593539166,1.0526088885962963
-1.502750081232851,1.0550586953759193
-1.5416292234917128,1.0576203651726246
-1.480289499545609,1.047509029507637
-1.471471936785206,1.0437005683779716
-1.4581376911294126,1.0538990311324596
-1.494930706409305,1.056134108453989
-1.4797003684624315,1.0519896037876606
-1.4268666534816052,1.0426949970424175
-1.4190922014570302,1.0410398729145527
-1.4075361246363878,1.0465726256370544
-1.3989913313930007,1.0454919040203094
-1.388135995283189,1.0507591590285301
-1.421746750698766,1.0631071701645851
-1.373007046177852,1.0519892051815987
-1.362345150234739,1.0570436269044876
-1.3971018550065355,1.0625585615634918
-1.8182326751124562,1.0520386062562466
-1.3777294057323122,1.064107485115528
-1.330889469646761,1.0527726225554943
-1.3236138053422022,1.0499993860721588
-1.316482456063702,1.054599154740572
-1.3062993156929772,1.0514667741954327
-1.3363002745714168,1.065904676914215
-1.3310721141531503,1.0626342073082924
-1.2847912188250485,1.0594757311046124
-1.3146327407803478,1.0653025656938553
-1.3065262326677665,1.0618905611336231
-1.263971129772703,1.059469599276781
-1.2891915686654816,1.06380245834589
-1.253596760990374,1.053852777928114
-1.2805848781509366,1.0590134114027023
-1.2393999219174776,1.056626696139574
-1.266039215851686,1.0616263821721077
-1.25926778018522,1.0599703006446362
-1.2245309771082982,1.0506750233471394
-1.2178544197212973,1.0489318035542965
-1.2128887751584005,1.0491603203117847
-1.2083886199975777,1.0563409365713596
-1.2035758638470109,1.055875301361084
-1.2273137232578726,1.0628740414977074
-1.1954949247035778,1.0615805834531784
-1.1902711304587348,1.052138864994049
-1.1850961167449916,1.0601072572171688
-1.1794789743150123,1.0591305457055569
-1.1739796978984791,1.0587938502430916
-1.1672951893019061,1.066477745771408
-1.1634055236597414,1.0558842904865742
-1.1845652333579904,1.070529282093048
-1.1842639734582008,1.0697525218129158
-1.1798016660833122,1.067809633910656
-1.1421539075689129,1.0575025118887424
-1.1418726958152665,1.0650766342878342
-1.1683337547324266,1.0731341019272804
-1.1606380268729293,1.06972324103117
-1.1297063237626397,1.059215735644102
-1.1523089587894955,1.06698627024889
-1.1490330297445792,1.0656187236309052
-1.1187084746652887,1.055639524012804
-1.1148365422482445,1.062522031366825
-1.1094244904128612,1.0536084175109863
-1.130694260417379,1.071557767689228
-1.1294605392226598,1.071016564965248
-1.1243377708775268,1.0687527135014534
-1.1223979098387362,1.0677471309900284
-1.092320167275739,1.0578409396111965
-1.113310734543178,1.0673004537820816
-1.1093164815139291,1.0663567334413528
-1.0811665793901453,1.065338835120201
-1.101792318616585,1.0747032687067986
-1.0736985638008176,1.0637237504124641
-1.09505963689142,1.072216235101223
-1.0668941233315792,1.0610664747655392
-1.0641373950425725,1.060280505567789
-1.0612971875810446,1.0601297914981842
-1.0823063558936092,1.0707517564296722
-1.0801231802506466,1.0705606192350388
-1.0758723183279595,1.0696400701999664
-1.0741271875329357,1.0688327699899673
-1.0688927624047002,1.0679479613900185
-1.043594560936305,1.0584201961755753
-1.0408132033240074,1.0588333532214165
-1.3914248783545258,1.0578260086476803
-1.0351017503266573,1.0594986528158188
-1.0533679715932733,1.0801572650671005
-1.0533685655056568,1.079796090722084
-1.0505085490534385,1.0782330930233002
-1.0472694640540507,1.0767626240849495
-1.043221752411716,1.076098158955574
-1.0417675190263473,1.0761996731162071
-1.0179391084689469,1.0661281943321228
-1.0159702993009738,1.0661052912473679
-1.013701872245331,1.0659188106656075
-1.0115948369880394,1.065300039947033
-1.0085935774694328,1.0656441152095795
-1.0268908236463854,1.0742867588996887
-1.0248988189705044,1.0735074654221535
-1.0224674495319732,1.0736646726727486
-1.020510225170216,1.074135698378086
-0.9971140476080199,1.0645227804780006
-0.9947085973228499,1.0646284446120262
-0.9925987591909555,1.0658268108963966
-1.0127780110670874,1.0769123807549477
-0.9881779158035559,1.066063068807125
-0.9857141335151287,1.0673897936940193
-0.9839648708079358,1.0665840730071068
-0.981610272484028,1.0684635862708092
-0.9797565785969267,1.067932777106762
-0.97746608705143,1.0688968002796173
-0.9940130771259024,1.079922765493393
-0.9947458915476425,1.080856904387474
-0.9705326825161416,1.0700705498456955
-0.9883241243945764,1.0818364843726158
-0.9671209742909517,1.0714156404137611
-0.9653151961268597,1.0708848610520363
-0.9830766014746306,1.0816831812262535
-0.9611512704689721,1.071624331176281
-0.9801085803238581,1.0824268907308578
-0.9738498249332076,1.0810738950967789
-0.9547153817593826,1.0716858506202698
-0.9529013173580314,1.0718046799302101
-0.9512235852136074,1.071321226656437
-0.9493979580363912,1.0719683915376663
-0.9638225452545492,1.0826105326414108
-0.945661850865352,1.07395451515913
-0.9623992574940005,1.084652565419674
-0.9607978290118533,1.0849903151392937
-0.959322848437966,1.0845275074243546
-0.9958697110267056,1.083740584552288
-0.9731382834005827,1.073289304971695
-0.9346542535895357,1.0628156810998917
-0.9333666819543656,1.064662329852581
-0.9314521054047704,1.0658144056797028
-0.9476428801466807,1.0771862268447876
-0.9270282932337638,1.0665478557348251
-0.9252386790515246,1.0688780024647713
-0.9418356819678091,1.0805952921509743
-0.9386643865967916,1.0811760798096657
-0.9204755627616946,1.071808859705925
-0.9352104219996304,1.0834406912326813
-0.9168589138911913,1.0745308995246887
-0.9151377715763878,1.0745695009827614
-0.9133917529905246,1.0764692202210426
-0.9342949957547465,1.0799734592437744
-0.9601831526170885,1.0782398730516434
-0.941027794634907,1.0702505931258202
-0.9086539079082625,1.0594176575541496
-0.9253684451325384,1.0731846913695335
-0.9200191908682522,1.0737332850694656
-0.9031418703242007,1.064891792833805
-0.9018529765345363,1.0658475011587143
-0.9008085866368475,1.067291907966137
-0.8992912907329067,1.0705959275364876
-0.8976842726328897,1.0732817575335503
-0.8960401933781852,1.075404278934002
-1.19814441307656,1.0784240812063217
-0.893079862007027,1.0789969488978386
-0.9076594650410776,1.0918424129486084
-0.9417423964351881,1.093482829630375
-0.9191878103270527,1.082927979528904
-0.8891809244208557,1.0728937461972237
-0.9076175975943535,1.0738746970891953
-0.903752026830525,1.0749614462256432
-0.8847972208212257,1.0655355527997017
-0.8830717108438582,1.0685455948114395
-0.8818973247435025,1.0698087587952614
-0.8828485127840132,1.0722132101655006
-0.8837020710761467,1.0733158588409424
-0.8869869243819242,1.075597494840622
-0.8995297983093233,1.0772934332489967
-0.9055391521101316,1.0786730274558067
-0.9076837075174948,1.0806213319301605
-0.8958981182544647,1.072409376502037
-0.8991974208484906,1.0744965076446533
-0.9194550643922497,1.0885386615991592
-0.9062046682279306,1.078432448208332
-0.9098331452519199,1.0797300785779953
-0.9135710169876243,1.0814636424183846
-0.9172908298610508,1.0810432210564613
-0.9510608847223523,1.0930193811655045
-0.9550943512142088,1.081740416586399
-0.9242901724997699,1.0714555978775024
-0.927231714250185,1.073407143354416
-0.9309969808699318,1.075694166123867
-0.9350775201827165,1.0754070729017258
-0.9387513584904216,1.0787672102451324
-0.9425741937380253,1.0788572952151299
-0.9762227571735705,1.0903962850570679
-0.9800505055549744,1.079847738146782
-0.9499683361321463,1.0704675316810608
-0.9704213487432803,1.082187607884407
-0.9583036601679082,1.0729110389947891
-0.9595795622236897,1.073589287698269
-0.982725809087354,1.0863640829920769
-0.9681883944049556,1.075798287987709
-0.9727837496827544,1.0781946182250977
-0.9802888882290611,1.0794201269745827
-0.9848583377332256,1.0787578374147415
-0.9963833613854414,1.077512226998806
-0.9939365077360136,1.080983817577362
-0.9986323621528245,1.0712512508034706
-1.0023317497963888,1.082379773259163
-1.007067364332499,1.0828233733773232
-1.0096298875984995,1.0838244184851646
-1.0145721152338503,1.082581415772438
-1.0204097159849221,1.0823422893881798
-1.0258570094274067,1.0818019658327103
-1.0503236872036628,1.0922985449433327
-1.0388427452789653,1.0821782872080803
-1.0443909149548252,1.080939568579197
-1.0495678150629577,1.0834516435861588
-1.0550743488665677,1.080373339354992
-1.0802401421144,1.0900552868843079
-1.0641710804151605,1.0792607516050339
-1.0686081233867604,1.078960858285427
-1.066014819042917,1.0794823914766312
-1.0622499553467915,1.0792103707790375
-1.0648883858967517,1.0781019926071167
-1.0646741300951303,1.0789858773350716
-1.0703388922444401,1.0789362341165543
-1.0734491192254472,1.07999849319458
-1.0730085590051752,1.0790906324982643
-1.078493131908054,1.0792376473546028
-1.0990919644591455,1.0884209647774696
-1.0959858836423382,1.0785840526223183
-1.1165582393840001,1.0975093021988869
-1.1325865710791834,1.0969239249825478
-1.1236942973254482,1.0862665250897408
-1.1481119377912536,1.0941368713974953
-1.1378067900163844,1.0851714834570885
-1.1419989998498006,1.0834438428282738
-1.1688692160977328,1.0911550596356392
-1.1881136358842277,1.0903992652893066
-1.2057593127393893,1.0805716291069984
-1.2394178900996273,1.0966265723109245
-1.2448878482654624,1.09403146058321
-1.2574437005880812,1.0924311429262161
-1.2839661135059957,1.0896747931838036
-1.3243802678599352,1.0950001403689384
-1.3062816982723808,1.0840809494256973
-1.319428599243032,1.0908852592110634
-1.3241350087313273,1.0879181399941444
-1.3377857785000054,1.0784978941082954
-1.3537684396623082,1.0933680981397629
-1.4329298815120057,1.090535119175911
-1.4224224016267737,1.080623798072338
-1.5665599583025553,1.093424953520298
-1.5387848755655047,1.0834094136953354
-1.5724674764580628,1.0943319201469421
-1.533439610696409,1.0846262723207474
-1.6521806670785009,1.096042960882187
-1.7343472997173286,1.0997286960482597
-1.7605098232706735,1.0963572636246681
-1.9997148927625477,1.0984105840325356
-2.215288810943789,1.0893851518630981
-2.47282837056021,1.0925913751125336
-2.7038028887454657,1.1036337018013
-3.0006916276168605,1.0949596911668777
-2.998640256304266,1.0949091613292694
-3.643560864378248,1.106263428926468
-5.953602901319397,1.1075445860624313
-7.416950754293175,1.1090925112366676
-10.110930629426736,1.1064681187272072
-9.148104463642113,1.1044024899601936
-4.6565611626719825,1.1003312021493912
5.552121803172109,1.0938517972826958
4.43169324808553,1.0913653895258904
1.2294742453024714,1.0856084302067757
3.4747334304263964,1.0801361501216888
9.026674839793964,1.0770772844552994
5.545528533057432,1.0725089311599731
4.390553377380976,1.067002810537815
7.036625237779873,1.0652004554867744
4.445772006280128,1.070350967347622
-9.4847748657682,1.0745086818933487
-3.5797062622307703,1.0739110335707664
0.9081660953444785,1.0630646795034409
-8.398743355310387,1.0586171634495258
-9.589666731037166,1.0519739165902138
-9.819233219377749,1.0457644201815128
-8.648531229111715,1.0408285669982433
-5.948367452506261,1.0372264981269836
-4.128817226911117,1.0368551723659039
-4.6975697134792,1.0385316498577595
-3.63664421684347,1.0465646125376225
-5.496447824365734,1.052370022982359
-9.906929992216796,1.0588105507194996
-2.188174151733568,1.0639378353953362
3.7025869138705634,1.0672751143574715
-8.256836820220114,1.0647984892129898
-7.818993290744123,1.0615646876394749
5.3455023311316205,1.054536446928978
-3.5972139935819754,1.0540018379688263
-4.800076580622333,1.0514494217932224
-7.1024350575512,1.0480290092527866
-9.972620396971113,1.0441006012260914
4.35070304637879,1.0427285246551037
6.951103686509094,1.039038185030222
-7.342916043794338,1.039778459817171
-2.6756340007514208,1.0370856672525406
-7.005651074709025,1.0336781851947308
-3.296966284756983,1.0316117480397224
7.336349192830072,1.0289330258965492
-3.837788191391849,1.028025669977069
-9.988369438247847,1.0260417349636555
0.8710075790918725,1.0243145488202572
2.6063702682202434,1.0219512190669775
